City,School Name,Slug
Singapore,5 Steps Academy Singapore,5-steps-academy
Singapore,All Hands Together Singapore,all-hands-together
Singapore,Anglo Chinese School Singapore,anglo-chinese-school
Singapore,Astor International School Singapore,astor-international-school
Singapore,Australian International School Singapore,australian-international-school
Singapore,Brighton College Singapore,brighton-college
Singapore,Canadian International School Singapore,canadian-international-school
Singapore,Chatsworth International School Singapore,chatsworth-international-school
Singapore,Dimensions International School,dimensions-international-college
Singapore,Dover Court International School Singapore,dover-court-international-school
Singapore,Dps International School Singapore,dps-international-school
Singapore,Dulwich College Singapore,dulwich-college
Singapore,Dynamics International School Singapore,dynamics-international-school
Singapore,Etonhouse International School Broadrick Singapore,etonhouse-international-school-broadrick
Singapore,Etonhouse International School Orchard Singapore,etonhouse-international-school-orchard
Singapore,Furen International School Singapore,furen-international-school
Singapore,Gess Singapore,gess
Singapore,Gig International School Singapore,gig-international-school
Singapore,Heritage Academy Singapore,heritage-academy
Singapore,Holland International School Singapore,holland-international-school
Singapore,Hwa Chong International School Singapore,hwa-chong-international-school
Singapore,Hwa International School Singapore,hwa-international-school
Singapore,Insworld Institute Singapore,insworld-institute
Singapore,Integrated International School Singapore,integrated-international-school
Singapore,International Community School Singapore,international-community-school
Singapore,International French School Singapore,international-french-school
Singapore,Invictus International School Singapore,invictus-international-school
Singapore,ISS International School Singapore,iss-international-school
Singapore,Kindle Kids International School Singapore,kindle-kids-international-school
Singapore,Knightsbridge House International School Singapore,knightsbridge-house-international-school
Singapore,Le Petite Ecole Singapore,le-petite-ecole
Singapore,Lodestar Montessori School Singapore,lodestar-montessori-school
Singapore,Lotus Bridge International School Singapore,lotus-bridge-international-school
Singapore,Melbourne International School Singapore,melbourne-international-school
Singapore,Middleton International School Singapore,middleton-international-school
Singapore,Nexus International School Singapore,nexus-international-school
Singapore,North London Collegiate School Singapore,north-london-collegiate-school
Singapore,Nps International School Singapore,nps-international-school
Singapore,One World International School Singapore,one-world-international-school
Singapore,Overseas Family School Singapore,overseas-family-school
Singapore,Rd American School Singapore,rd-american-school
Singapore,San Yu Adventist School Singapore,san-yu-adventist-school
Singapore,Sfa Eduhearts International School Singapore,sfa-eduhearts-international-school
Singapore,Singapore American School,singapore-american-school
Singapore,Singapore Korean International School,singapore-korean-international-school
Singapore,Sir Manasseh Meyer International School Singapore,sir-manasseh-meyer-international-school
Singapore,Sish International High School Singapore,sish-international-high-school
Singapore,St Francis Methodist School Singapore,st-francis-methodist-school
Singapore,Stalford Academy Singapore,stalford-academy
Singapore,Stamford American International School (SAIS),stamford-american-international-school-singapore
Singapore,Swiss School In Singapore,swiss-school-in
Singapore,Tanglin Trust School Singapore,tanglin-trust-school
Singapore,The Grange Institution And International Preschool Singapore,the-grange-institution-and-international-preschool
Singapore,The Guild International College Singapore,the-guild-international-college
Singapore,The Straits Waldorf School Singapore,the-straits-waldorf-school
Singapore,The Winstedt School Singapore,the-winstedt-school
Singapore,Tls Academy Singapore,tls-academy
Singapore,United World College Of South East Asia Dover Campus Singapore,united-world-college-of-south-east-asia-dover-campus
Singapore,United World College Of South East Asia East Campus Singapore,united-world-college-of-south-east-asia-east-campus
Singapore,Waseda Shibuya Senior High School Singapore,waseda-shibuya-senior-high-school
Singapore,Westbourne College Singapore,westbourne-college
Singapore,Wise Oaks International School Singapore,wise-oaks-international-school
Singapore,Xcl World Academy Singapore,xcl-world-academy
Singapore,Yuva Bharathi International School Singapore,yuva-bharathi-international-school
Hong Kong,Christian Alliance P C Lau Memorial International School Hong Kong,christian-alliance-p-c-lau-memorial-international-school
Hong Kong,American International School Hong Kong,american-international-school
Hong Kong,American School Hong Kong,american-school
Hong Kong,Anchors Academy Hong Kong,anchors-academy
Hong Kong,Anfield School Hong Kong,anfield-school
Hong Kong,Australian International School Hong Kong,australian-international-school
Hong Kong,Beacon Hill School Hong Kong,beacon-hill-school
Hong Kong,Bloom Kkca Academy Hong Kong,bloom-kkca-academy
Hong Kong,Bradbury School Hong Kong,bradbury-school
Hong Kong,California School Hong Kong,california-school
Hong Kong,Canadian International School Of Hong Kong,canadian-international-school-of
Hong Kong,Carmel School Hong Kong,carmel-school
Hong Kong,Chinese International School Hong Kong,chinese-international-school
Hong Kong,Christian Alliance International School Hong Kong,christian-alliance-international-school
Hong Kong,Clearwater Bay School Hong Kong,clearwater-bay-school
Hong Kong,Concordia International School Hong Kong,concordia-international-school
Hong Kong,Creative Primary School Hong Kong,creative-primary-school
Hong Kong,Creative Secondary School Hong Kong,creative-secondary-school
Hong Kong,Dalton School Hong Kong,dalton-school
Hong Kong,Discovery Bay International School Hong Kong,discovery-bay-international-school
Hong Kong,Discovery College Hong Kong,discovery-college
Hong Kong,Discovery Mind Educational Organisation Hong Kong,discovery-mind-educational-organisation
Hong Kong,Dsc International School Hong Kong,dsc-international-school
Hong Kong,Elchk Lutheran Academy Hong Kong,elchk-lutheran-academy
Hong Kong,Forest House Waldorf School Hong Kong,forest-house-waldorf-school
Hong Kong,French International School Of Hong Kong,french-international-school-of
Hong Kong,Garden House Waldorf School Hong Kong,garden-house-waldorf-school
Hong Kong,German Swiss International School Hong Kong,german-swiss-international-school
Hong Kong,Guidepost Hong Kong,guidepost
Hong Kong,Han Academy Hong Kong,han-academy
Hong Kong,Harrow International School Hong Kong,harrow-international-school
Hong Kong,Hkca Po Leung Kuk School Hong Kong,hkca-po-leung-kuk-school
Hong Kong,Hkila Hong Kong,hkila
Hong Kong,Hong Kong Academy,hong-kong-academy
Hong Kong,Hong Kong Adventist Academy,hong-kong-adventist-academy
Hong Kong,Hong Kong International School,hong-kong-international-school
Hong Kong,Ichk Kindergarten And Primary Hong Kong,ichk-kindergarten-and-primary
Hong Kong,Ichk Secondary Hong Kong,ichk-secondary
Hong Kong,International Christian School Hong Kong,international-christian-school
Hong Kong,Invictus School Hong Kong,invictus-school
Hong Kong,Island School Hong Kong,island-school
Hong Kong,Island Waldorf School Hong Kong,island-waldorf-school
Hong Kong,Japanese International School Hong Kong,japanese-international-school
Hong Kong,Kellett School Hong Kong,kellett-school
Hong Kong,Kennedy School Hong Kong,kennedy-school
Hong Kong,Kiangsu Chekiang School International Sections Hong Kong,kiangsu-chekiang-school-international-sections
Hong Kong,King George V School Hong Kong,king-george-v-school
Hong Kong,Kingston International School Hong Kong,kingston-international-school
Hong Kong,Korean International School Hong Kong,korean-international-school
Hong Kong,Kowloon Junior School Hong Kong,kowloon-junior-school
Hong Kong,Lantau International School Hong Kong,lantau-international-school
Hong Kong,Li Po Chun United World College Of Hong Kong,li-po-chun-united-world-college-of
Hong Kong,Malvern College Hong Kong,malvern-college
Hong Kong,Nord Anglia International School Hong Kong,nord-anglia-international-school
Hong Kong,Norwegian International School Hong Kong,norwegian-international-school
Hong Kong,Oxbridge School Hong Kong,oxbridge-school
Hong Kong,Peak School Hong Kong,peak-school
Hong Kong,Po Leung Kuk Choi Kai Yau School Hong Kong,po-leung-kuk-choi-kai-yau-school
Hong Kong,Quarry Bay School Hong Kong,quarry-bay-school
Hong Kong,Renaissance College Hong Kong,renaissance-college
Hong Kong,Saint Too Bloom Academy Hong Kong,saint-too-bloom-academy
Hong Kong,San Wui Commercial Society Ymca Of Hong Kong Christian School,san-wui-commercial-society-ymca-of-hong-kong-christian-school
Hong Kong,Sear Rogers International School Hong Kong,sear-rogers-international-school
Hong Kong,Sha Tin College Hong Kong,sha-tin-college
Hong Kong,Sha Tin Junior School Hong Kong,sha-tin-junior-school
Hong Kong,Singapore International School Hong Kong,singapore-international-school
Hong Kong,South Island School Hong Kong,south-island-school
Hong Kong,Spanish School Of Hong Kong,spanish-school-of
Hong Kong,Stamford American International School Hong Kong,stamford-american-international-school
Hong Kong,The Harbour School Hong Kong,the-harbour-school
Hong Kong,The International Montessori School Hong Kong,the-international-montessori-school
Hong Kong,The Isf Academy Hong Kong,the-isf-academy
Hong Kong,The Jockey Club Sarah Roe School Hong Kong,the-jockey-club-sarah-roe-school
Hong Kong,Victoria Shanghai Academy Hong Kong,victoria-shanghai-academy
Hong Kong,West Island School Hong Kong,west-island-school
Hong Kong,Wycombe Abbey School Hong Kong,wycombe-abbey-school
Hong Kong,Yew Chung International School Hong Kong,yew-chung-international-school
Hong Kong,Yk Pao School Hong Kong,yk-pao-school
Hong Kong,Ymca Christian Academy Hong Kong,ymca-christian-academy
Hong Kong,Ymca Of Hong Kong Christian College,ymca-of-hong-kong-christian-college
Dubai,Ajman Academy Dubai,ajman-academy
Dubai,Ajman American Private School Dubai,ajman-american-private-school
Dubai,Al Diyafah High School Dubai,al-diyafah-high-school
Dubai,Al Ittihad Private School Jumeira Dubai,al-ittihad-private-school-jumeira
Dubai,Al Khaleej International School Dubai,al-khaleej-international-school
Dubai,Al Mawakeb School Dubai,al-mawakeb-school
Dubai,Al Salam Community School Dubai,al-salam-community-school
Dubai,Al Salam Private School Dubai,al-salam-private-school
Dubai,Ambassador International Academy Dubai,ambassador-international-academy
Dubai,Ambassador International Academy Mankhool Dubai,ambassador-international-academy-mankhool
Dubai,American Academy For Girls Dubai,american-academy-for-girls
Dubai,American Gulf School Dubai,american-gulf-school
Dubai,American International School Dubai,american-international-school
Dubai,American School Of Creative Science Maliha Dubai,american-school-of-creative-science-maliha
Dubai,American School Of Dubai,american-school-of
Dubai,Amity English School Dubai,amity-english-school
Dubai,Amity Private School Sharjah Dubai,amity-private-school-sharjah
Dubai,Amity School Dubai,amity-school
Dubai,Arcadia Global School Dubai,arcadia-global-school
Dubai,Arcadia School Dubai,arcadia-school
Dubai,Ash Mount School Dubai,ash-mount-school
Dubai,Australian International School Dubai,australian-international-school
Dubai,Bc Academy International School Dubai,bc-academy-international-school
Dubai,Bloom World Academy Dubai,bloom-world-academy
Dubai,Bright Learners Private School Dubai,bright-learners-private-school
Dubai,Bright Riders School Dubai,bright-riders-school
Dubai,Brighton College Dubai,brighton-college
Dubai,British International School Ajman Dubai,british-international-school-ajman
Dubai,Cambridge International School Dubai,cambridge-international-school
Dubai,Capital School Dubai,capital-school
Dubai,Citizens School Dubai,citizens-school
Dubai,Clarion School Dubai,clarion-school
Dubai,Collegiate International School Dubai,collegiate-international-school
Dubai,Credence High School Dubai,credence-high-school
Dubai,Crown American Private School Dubai,crown-american-private-school
Dubai,Dar Al Marefa Private School Dubai,dar-al-marefa-private-school
Dubai,Deira International School Dubai,deira-international-school
Dubai,Deira Private School Dubai,deira-private-school
Dubai,Deutsche Internationale Schule Dubai,deutsche-internationale-schule
Dubai,Dhruv Global School Dubai,dhruv-global-school
Dubai,Dove Green Private School Dubai,dove-green-private-school
Dubai,Dubai Arabian American Private School,dubai-arabian-american-private-school
Dubai,Dubai British School Emirates Hills,dubai-british-school-emirates-hills
Dubai,Dubai British School Jumeira,dubai-british-school-jumeira
Dubai,Dubai British School Jumeirah Park,dubai-british-school-jumeirah-park
Dubai,Dubai British School Mira,dubai-british-school-mira
Dubai,Dubai Carmel School,dubai-carmel-school
Dubai,Dubai College,dubai-college
Dubai,Dubai English Speaking College,dubai-english-speaking-college
Dubai,Dubai English Speaking School Academic City,dubai-english-speaking-school-academic-city
Dubai,Dubai English Speaking School Oud Metha,dubai-english-speaking-school-oud-metha
Dubai,Dubai Heights Academy,dubai-heights-academy
Dubai,Dubai International Academy Al Barsha,dubai-international-academy-al-barsha
Dubai,Dubai International Academy Emirates Hills,dubai-international-academy-emirates-hills
Dubai,Dubai International Academy Town Square,dubai-international-academy-town-square
Dubai,Dubai International Private School,dubai-international-private-school
Dubai,Dubai Modern Education School,dubai-modern-education-school
Dubai,Dubai National School Al Barsha,dubai-national-school-al-barsha
Dubai,Dubai Scholars Private School,dubai-scholars-private-school
Dubai,Dunecrest American School Dubai,dunecrest-american-school
Dubai,Durham School Dubai,durham-school
Dubai,Dwight School Dubai,dwight-school
Dubai,Emirates American School Dubai,emirates-american-school
Dubai,Emirates International School Jumeirah Dubai,emirates-international-school-jumeirah
Dubai,Emirates International School Meadows Dubai,emirates-international-school-meadows
Dubai,Fairgreen International School Dubai,fairgreen-international-school
Dubai,Gems Dubai American Academy,gems-dubai-american-academy
Dubai,Gems Firstpoint School Dubai,gems-firstpoint-school
Dubai,Gems Founders School Al Mizhar Dubai,gems-founders-school-al-mizhar
Dubai,Gems Founders School Dubai,gems-founders-school
Dubai,Gems Founders School Dubai South,gems-founders-school-dubai-south
Dubai,Gems International School Al Khail Dubai,gems-international-school-al-khail
Dubai,Gems Jumeirah Primary School Dubai,gems-jumeirah-primary-school
Dubai,Gems Metropole School Al Waha Dubai,gems-metropole-school-al-waha
Dubai,Gems Metropole School Dubai,gems-metropole-school
Dubai,Gems Modern Academy Dubai,gems-modern-academy
Dubai,Gems New Millennium School Dubai,gems-new-millennium-school
Dubai,Gems Royal Dubai School,gems-royal-dubai-school
Dubai,Gems School Of Research And Innovation Dubai,gems-school-of-research-and-innovation
Dubai,Gems Wellington Academy Al Khail Dubai,gems-wellington-academy-al-khail
Dubai,Gems Wellington Academy Silicon Oasis Dubai,gems-wellington-academy-silicon-oasis
Dubai,Gems Wellington International School Dubai,gems-wellington-international-school
Dubai,Gems Westminster School Sharjah Dubai,gems-westminster-school-sharjah
Dubai,Gems Winchester School Dubai,gems-winchester-school
Dubai,Gems World Academy Dubai,gems-world-academy
Dubai,German International School Sharjah Dubai,german-international-school-sharjah
Dubai,Glendale International School Dubai,glendale-international-school
Dubai,Global Indian International School Dubai,global-indian-international-school
Dubai,Greenfield International School Dubai,greenfield-international-school
Dubai,Hampton Heights International School Dubai,hampton-heights-international-school
Dubai,Hartland International School Dubai,hartland-international-school
Dubai,Horizon English School Dubai,horizon-english-school
Dubai,Horizon International School Dubai,horizon-international-school
Dubai,Ignite School Dubai,ignite-school
Dubai,Impact American School Dubai,impact-american-school
Dubai,International Concept For Education Dubai,international-concept-for-education
Dubai,International Indian School Dubai,international-indian-school
Dubai,International School Of Creative Science Muwaileh Dubai,international-school-of-creative-science-muwaileh
Dubai,International School Of Creative Science Nad Al Sheba Dubai,international-school-of-creative-science-nad-al-sheba
Dubai,Jebel Ali School Dubai,jebel-ali-school
Dubai,Jss Private School Dubai,jss-private-school
Dubai,Jumeira Baccalaureate School Dubai,jumeira-baccalaureate-school
Dubai,Jumeirah College Dubai,jumeirah-college
Dubai,Jumeirah English Speaking School (JESS AR) Dubai,jumeirah-english-speaking-school
Dubai,Kent College Dubai,kent-college
Dubai,Lycee Francais Bilingue International Dubai,lycee-francais-bilingue-international
Dubai,Lycee Francais International Dubai,lycee-francais-international
Dubai,Lycee Libanais Francophone Prive Meydan Dubai,lycee-libanais-francophone-prive-meydan
Dubai,Mirdif American School Dubai,mirdif-american-school
Dubai,New Dawn Private School Dubai,new-dawn-private-school
Dubai,Newlands School Dubai Sharjah Ajman,newlands-school
Dubai,Next Generation School Dubai,next-generation-school
Dubai,Nibras International School Dubai,nibras-international-school
Dubai,Nord Anglia International School Dubai,nord-anglia-international-school
Dubai,North American International School Dubai,north-american-international-school
Dubai,North London Collegiate School Dubai,north-london-collegiate-school
Dubai,Oaktree Primary School Dubai,oaktree-primary-school
Dubai,Our Own High School,our-own-high-school
Dubai,Pace British School Dubai,pace-british-school
Dubai,Pace Modern British School Dubai,pace-modern-british-school
Dubai,Pace Springfield International School Dubai,pace-springfield-international-school
Dubai,Philadelphia Private School Dubai,philadelphia-private-school
Dubai,Pristine Private School Dubai,pristine-private-school
Dubai,Providence English Private School Dubai,providence-english-private-school
Dubai,Queen Elizabeth S School Dubai Sports City,queen-elizabeth-s-school-dubai-sports-city
Dubai,Queen International School Dubai,queen-international-school
Dubai,Raffles International Schools Dubai,raffles-international-schools
Dubai,Raffles World Academy Dubai,raffles-world-academy
Dubai,Ranches Primary School Dubai,ranches-primary-school
Dubai,Rashid And Latifa School Dubai,rashid-and-latifa-school
Dubai,Regent International School Dubai,regent-international-school
Dubai,Repton School Al Barsha Dubai,repton-school-al-barsha
Dubai,Repton School Dubai,repton-school
Dubai,Royal Grammar School Guildford Dubai,royal-grammar-school-guildford
Dubai,Rushmore American School Dubai,rushmore-american-school
Dubai,Sabis International School Aljada Dubai,sabis-international-school-aljada
Dubai,Safa British School Dubai,safa-british-school
Dubai,Safa Community School Dubai,safa-community-school
Dubai,Scholars International Academy Dubai,scholars-international-academy
Dubai,School Of Modern Skills Dubai,school-of-modern-skills
Dubai,Sharjah American International School Dubai,sharjah-american-international-school
Dubai,Sharjah British International School Dubai,sharjah-british-international-school
Dubai,Sharjah English School Dubai,sharjah-english-school
Dubai,Smart Vision School Dubai,smart-vision-school
Dubai,South View School Dubai,south-view-school
Dubai,Star International School Altwar Dubai,star-international-school-altwar
Dubai,Star International School Mirdiff Dubai,star-international-school-mirdiff
Dubai,Sunmarke School Dubai,sunmarke-school
Dubai,Swiss International Scientific School Dubai,swiss-international-scientific-school
Dubai,The Apple International School Dubai,the-apple-international-school
Dubai,The Aquila School Dubai,the-aquila-school
Dubai,The Arbor School Dubai,the-arbor-school
Dubai,The City School International Dubai,the-city-school-international
Dubai,The English College Dubai,the-english-college
Dubai,The International School Of Choueifat Ajman Dubai,the-international-school-of-choueifat-ajman
Dubai,The International School Of Choueifat Dubai Investments Park,the-international-school-of-choueifat-dubai-investments-park
Dubai,The International School Of Choueifat Sharjah Dubai,the-international-school-of-choueifat-sharjah
Dubai,The Millennium School Dubai,the-millennium-school
Dubai,The Oxford School Dubai,the-oxford-school
Dubai,The Scholars School Dubai,the-scholars-school
Dubai,The School Of Research Science Dubai,the-school-of-research-science
Dubai,The Sheffield Private School Dubai,the-sheffield-private-school
Dubai,The Westminster School Dubai,the-westminster-school
Dubai,The Winchester School Dubai,the-winchester-school
Dubai,Universal American School Dubai,universal-american-school
Dubai,Uptown International School Dubai,uptown-international-school
Dubai,Victoria English School Dubai,victoria-english-school
Dubai,Victoria International School Of Sharjah Dubai,victoria-international-school-of-sharjah
Dubai,Victory Heights Primary School City Of Arabia Dubai,victory-heights-primary-school-city-of-arabia
Dubai,Victory Heights Primary School Dubai,victory-heights-primary-school
Dubai,Wise Indian Academy Dubai,wise-indian-academy
Dubai,Woodlem British School Dubai,woodlem-british-school
Kuala Lumpur,Abedeen International School Kuala Lumpur,abedeen-international-school
Kuala Lumpur,Ace Edventure Biosphere Academy Kuala Lumpur,ace-edventure-biosphere-academy
Kuala Lumpur,Acmar International School Kuala Lumpur,acmar-international-school
Kuala Lumpur,Adcote Matrix International School Kuala Lumpur,adcote-matrix-international-school
Kuala Lumpur,Arrows International School Kuala Lumpur,arrows-international-school
Kuala Lumpur,Asia Pacific International School Kuala Lumpur,asia-pacific-international-school
Kuala Lumpur,Aspiration International School Kuala Lumpur,aspiration-international-school
Kuala Lumpur,Australian International School Malaysia Kuala Lumpur,australian-international-school-malaysia
Kuala Lumpur,Axcel International School Kuala Lumpur,axcel-international-school
Kuala Lumpur,Baseerah International School Kuala Lumpur,baseerah-international-school
Kuala Lumpur,Beaconhouse Sri Inai International School Kuala Lumpur,beaconhouse-sri-inai-international-school
Kuala Lumpur,Brainy Bunch International Islamic Montessori School Kuala Lumpur,brainy-bunch-international-islamic-montessori-school
Kuala Lumpur,Brighton International School Kuala Lumpur,brighton-international-school
Kuala Lumpur,Campus Rangers International School Kuala Lumpur,campus-rangers-international-school
Kuala Lumpur,Canary International School Kuala Lumpur,canary-international-school
Kuala Lumpur,Cempaka International School Kuala Lumpur,cempaka-international-school
Kuala Lumpur,Charterhouse Malaysia Kuala Lumpur,charterhouse-malaysia
Kuala Lumpur,Collinz International School Kuala Lumpur,collinz-international-school
Kuala Lumpur,Columbia International School Kuala Lumpur,columbia-international-school
Kuala Lumpur,Concord College International School Kuala Lumpur,concord-college-international-school
Kuala Lumpur,Cranbridge International School Kuala Lumpur,cranbridge-international-school
Kuala Lumpur,Dwi Emas International School Kuala Lumpur,dwi-emas-international-school
Kuala Lumpur,Eagles Grammar International School Kuala Lumpur,eagles-grammar-international-school
Kuala Lumpur,Eaton International School Kuala Lumpur,eaton-international-school
Kuala Lumpur,Elc International School Kuala Lumpur,elc-international-school
Kuala Lumpur,Epsom College In Malaysia Kuala Lumpur,epsom-college-in-malaysia
Kuala Lumpur,Fairview International School Kuala Lumpur,fairview-international-school
Kuala Lumpur,Fairview International School Subang Jaya Kuala Lumpur,fairview-international-school-subang-jaya
Kuala Lumpur,Garden International School Kuala Lumpur,garden-international-school
Kuala Lumpur,German School Kuala Lumpur,german-school
Kuala Lumpur,Global Indian International School Kuala Lumpur,global-indian-international-school
Kuala Lumpur,Global Modern International School Kuala Lumpur,global-modern-international-school
Kuala Lumpur,Global Oak Tree Scholars International School Kuala Lumpur,global-oak-tree-scholars-international-school
Kuala Lumpur,Greenview Islamic International School Kuala Lumpur,greenview-islamic-international-school
Kuala Lumpur,Havil International School Kuala Lumpur,havil-international-school
Kuala Lumpur,Help International School Kuala Lumpur,help-international-school
Kuala Lumpur,Heritage International School Kuala Lumpur,heritage-international-school
Kuala Lumpur,Hibiscus International School Kuala Lumpur,hibiscus-international-school
Kuala Lumpur,Hua Xia International School Kuala Lumpur,hua-xia-international-school
Kuala Lumpur,Idrissi International School Kuala Lumpur,idrissi-international-school
Kuala Lumpur,Igb International School Kuala Lumpur,igb-international-school
Kuala Lumpur,Inspiros International School Kuala Lumpur,inspiros-international-school
Kuala Lumpur,International Islamic School Malaysia Kuala Lumpur,international-islamic-school-malaysia
Kuala Lumpur,International Modern Arabic School Kuala Lumpur,international-modern-arabic-school
Kuala Lumpur,King Henry Viii College Kuala Lumpur,king-henry-viii-college
Kuala Lumpur,Kingsgate International School Kuala Lumpur,kingsgate-international-school
Kuala Lumpur,Knewton Global Schools Rawang Kuala Lumpur,knewton-global-schools-rawang
Kuala Lumpur,Kolej Tunku Kurshiah Kuala Lumpur,kolej-tunku-kurshiah
Kuala Lumpur,Kueen Lai International Secondary School Kuala Lumpur,kueen-lai-international-secondary-school
Kuala Lumpur,Lycee Francais De Kuala Lumpur,lycee-francais-de
Kuala Lumpur,Mahsa International School Kuala Lumpur,mahsa-international-school
Kuala Lumpur,Maple Leaf Kingsley International School Kuala Lumpur,maple-leaf-kingsley-international-school
Kuala Lumpur,Maverick International Primary School Kuala Lumpur,maverick-international-primary-school
Kuala Lumpur,Maverick International Secondary School Kuala Lumpur,maverick-international-secondary-school
Kuala Lumpur,Maz International School Kuala Lumpur,maz-international-school
Kuala Lumpur,Mindrich International Secondary School Kuala Lumpur,mindrich-international-secondary-school
Kuala Lumpur,Mitstem International School Kuala Lumpur,mitstem-international-school
Kuala Lumpur,Mutiara International Grammar School Kuala Lumpur,mutiara-international-grammar-school
Kuala Lumpur,Nexus International School Kuala Lumpur,nexus-international-school
Kuala Lumpur,Nilai International School Kuala Lumpur,nilai-international-school
Kuala Lumpur,Nobel International School Kuala Lumpur,nobel-international-school
Kuala Lumpur,Oakbridge International School Kuala Lumpur,oakbridge-international-school
Kuala Lumpur,Oasis International School Kuala Lumpur,oasis-international-school
Kuala Lumpur,Orbix International School Klang Kuala Lumpur,orbix-international-school-klang
Kuala Lumpur,Peninsula International School Australia Kuala Lumpur,peninsula-international-school-australia
Kuala Lumpur,Pine Hills International School Kuala Lumpur,pine-hills-international-school
Kuala Lumpur,Qosmo International School Kuala Lumpur,qosmo-international-school
Kuala Lumpur,R E A L International School Cheras Campus Kuala Lumpur,r-e-a-l-international-school-cheras-campus
Kuala Lumpur,R E A L International School Shah Alam Campus Kuala Lumpur,r-e-a-l-international-school-shah-alam-campus
Kuala Lumpur,Rafflesia International School Puchong Kuala Lumpur,rafflesia-international-school-puchong
Kuala Lumpur,Regent International School Klang Kuala Lumpur,regent-international-school-klang
Kuala Lumpur,Reigate Grammar School Kuala Lumpur,reigate-grammar-school
Kuala Lumpur,Rocklin International School Kuala Lumpur,rocklin-international-school
Kuala Lumpur,Sasana International School Kuala Lumpur,sasana-international-school
Kuala Lumpur,Sayfol International School Kuala Lumpur,sayfol-international-school
Kuala Lumpur,Sekolah Sri Ucsi Kuala Lumpur,sekolah-sri-ucsi
Kuala Lumpur,Seven Skies International School Kuala Lumpur,seven-skies-international-school
Kuala Lumpur,Soka International School Malaysia Kuala Lumpur,soka-international-school-malaysia
Kuala Lumpur,Spectrum International School Kuala Lumpur,spectrum-international-school
Kuala Lumpur,Sri Bestari International School Kuala Lumpur,sri-bestari-international-school
Kuala Lumpur,Sri Dasmesh International School Kuala Lumpur,sri-dasmesh-international-school
Kuala Lumpur,Sri Emas International School Kuala Lumpur,sri-emas-international-school
Kuala Lumpur,Sri Kdu International School Klang Kuala Lumpur,sri-kdu-international-school-klang
Kuala Lumpur,Sri Kdu International School Subang Jaya Kuala Lumpur,sri-kdu-international-school-subang-jaya
Kuala Lumpur,Sri Kdu School Kuala Lumpur,sri-kdu-school
Kuala Lumpur,Sri Kuala Lumpur School,sri-kuala-lumpur-school
Kuala Lumpur,Sri Sempurna International School Kuala Lumpur,sri-sempurna-international-school
Kuala Lumpur,Stars International School Kuala Lumpur,stars-international-school
Kuala Lumpur,Stella Maris International School Kuala Lumpur,stella-maris-international-school
Kuala Lumpur,Straits International School Kuala Lumpur,straits-international-school
Kuala Lumpur,Summer International Secondary School Kuala Lumpur,summer-international-secondary-school
Kuala Lumpur,Sunway International School Kuala Lumpur,sunway-international-school
Kuala Lumpur,Tanarata International School Kuala Lumpur,tanarata-international-school
Kuala Lumpur,Templer Park International School Kuala Lumpur,templer-park-international-school
Kuala Lumpur,Tenby School Setia Eco Park Kuala Lumpur,tenby-school-setia-eco-park
Kuala Lumpur,Tenby School Setia Ecohill Kuala Lumpur,tenby-school-setia-ecohill
Kuala Lumpur,Tenby School Tropicana Aman Kuala Lumpur,tenby-school-tropicana-aman
Kuala Lumpur,The Alice Smith School Kuala Lumpur,the-alice-smith-school
Kuala Lumpur,The British International School Of Kuala Lumpur,the-british-international-school-of
Kuala Lumpur,The International School At Parkcity Kuala Lumpur,the-international-school-at-parkcity
Kuala Lumpur,The International School Of Kuala Lumpur,the-international-school-of
Kuala Lumpur,Tls International School Kuala Lumpur,tls-international-school
Kuala Lumpur,Tree Top International School Kuala Lumpur,tree-top-international-school
Kuala Lumpur,Ucsi International School Kuala Lumpur,ucsi-international-school
Kuala Lumpur,Ucsi International School Springhill Kuala Lumpur,ucsi-international-school-springhill
Kuala Lumpur,Ucsi International School Subang Jaya Kuala Lumpur,ucsi-international-school-subang-jaya
Kuala Lumpur,Utama International School Kuala Lumpur,utama-international-school
Kuala Lumpur,Valley International School Kuala Lumpur,valley-international-school
Kuala Lumpur,Victoria International School Kuala Lumpur,victoria-international-school
Kuala Lumpur,Vikas International School Kuala Lumpur,vikas-international-school
Kuala Lumpur,Wesley Methodist School Kuala Lumpur,wesley-methodist-school
Kuala Lumpur,Zenith International School Seremban Kuala Lumpur,zenith-international-school-seremban
Jakarta,Jakarta Intercultural School,jakarta-intercultural-school
Jakarta,British School Jakarta,british-school-jakarta
Jakarta,The Independent School of Jakarta,independent-school-of-jakarta
Jakarta,Sinarmas World Academy,sinarmas-world-academy
Jakarta,Australian Independent School Jakarta,australian-independent-school-jakarta
Jakarta,Tunas Muda School,tunas-muda-school
Jakarta,BTB School,btb-school
Jakarta,Sekolah Pelita Harapan Kemang Village,sekolah-pelita-harapan-kemang-village
Jakarta,ACG School Jakarta,acg-school-jakarta
Jakarta,Raffles Christian School Jakarta,raffles-christian-school-jakarta
Jakarta,NationalHigh Jakarta School,nationalhigh-jakarta-school
Jakarta,Binus School Serpong,binus-school-serpong
Jakarta,Nord Anglia School Jakarta,nord-anglia-school-jakarta
Jakarta,New Zealand School Jakarta,new-zealand-school-jakarta
Jakarta,Sekolah Pelita Harapan,sekolah-pelita-harapan
Jakarta,Jakarta Nanyang School,jakarta-nanyang-school
Jakarta,Stella Maris School,stella-maris-school
Jakarta,El Shaddai Intercontinental School,el-shaddai-intercontinental-school
Jakarta,IPEKA Integrated Christian School,ipeka-integrated-christian-school
Jakarta,ACS Jakarta,acs-jakarta
Jakarta,Jakarta Indonesia Korean School,jakarta-indonesia-korean-school
Jakarta,Sekolah Ciputra,sekolah-ciputra
Jakarta,Cikal School,cikal-school
Jakarta,North Jakarta Intercultural School,north-jakarta-intercultural-school
Jakarta,Springfield School Jakarta,springfield-school-jakarta
Jakarta,Singapore Intercultural School South Jakarta,singapore-intercultural-school-south-jakarta
Jakarta,Binus School Bekasi,binus-school-bekasi
Jakarta,Cita Buana School,cita-buana-school
Jakarta,Binus School Simprug,binus-school-simprug
Jakarta,Deutsche Internationale Schule Jakarta,deutsche-internationale-schule-jakarta
Jakarta,Mentari Intercultural School Jakarta,mentari-intercultural-school-jakarta
Jakarta,HighScope Indonesia,highscope-indonesia
Jakarta,Jakarta Multicultural School,jakarta-multicultural-school
Jakarta,Global Jaya School,global-jaya-school
Jakarta,Ichthus School Jakarta,ichthus-school-jakarta
Jakarta,Kanaan Global School,kanaan-global-school
Jakarta,SIS Pantai Indah Kapuk,sis-pantai-indah-kapuk
Jakarta,Al Jabr Islamic School,al-jabr-islamic-school
Jakarta,French School Jakarta,french-school-jakarta
Jakarta,Global Sevilla School,global-sevilla-school
Jakarta,Tzu Chi School,tzu-chi-school
Jakarta,Sampoerna Academy Jakarta,sampoerna-academy-jakarta
Jakarta,SIS Kelapa Gading,sis-kelapa-gading
Jakarta,Bina Bangsa School,bina-bangsa-school
Jakarta,Gandhi Memorial International School,gandhi-memorial-international-school
Jakarta,Mentari Intercultural School Bintaro,mentari-intercultural-school-bintaro
Jakarta,Mutiara Harapan Islamic School,mutiara-harapan-islamic-school
Jakarta,Kharisma Bangsa School,kharisma-bangsa-school
Jakarta,Al Azhar Syifa Budi Jakarta,al-azhar-syifa-budi-jakarta
Jakarta,Jubilee School Jakarta,jubilee-school-jakarta
Jakarta,Universal School Jakarta,universal-school-jakarta
Jakarta,Beacon Academy,beacon-academy
Jakarta,Pelangi Kasih School,pelangi-kasih-school
Jakarta,Sekolah Lentera Kasih Jakarta,sekolah-lentera-kasih-jakarta
Jakarta,Holy Angels School,holy-angels-school
Jakarta,Bunda Mulia School,bunda-mulia-school
Jakarta,Sekolah Terpadu Pahoa,sekolah-terpadu-pahoa
Jakarta,Santa Laurensia School,santa-laurensia-school
Jakarta,Sekolah Madania,sekolah-madania
Jakarta,Sekolah Pelita Bangsa,sekolah-pelita-bangsa
Jakarta,Millennia World School,millennia-world-school
Jakarta,Sekolah Cita Buana,sekolah-cita-buana
Jakarta,Labschool Jakarta,labschool-jakarta
Jakarta,Sekolah Victory Plus,sekolah-victory-plus
Jakarta,Penabur International School,penabur-international-school
Bangkok,Ait International School Bangkok,ait-international-school
Bangkok,Amnuay Silpa School Bangkok,amnuay-silpa-school
Bangkok,Anglo Singapore International School Bangkok,anglo-singapore-international-school
Bangkok,Ascot International School Bangkok,ascot-international-school
Bangkok,Aster International School Bangkok,aster-international-school
Bangkok,Astra Academy International School Bangkok,astra-academy-international-school
Bangkok,Australian International School Bangkok,australian-international-school
Bangkok,Bangkok Adventist International School,bangkok-adventist-international-school
Bangkok,Bangkok Chicago Christian International School,bangkok-chicago-christian-international-school
Bangkok,Bangkok Christian International School,bangkok-christian-international-school
Bangkok,Bangkok Grace International School,bangkok-grace-international-school
Bangkok,Bangkok International Preparatory and Secondary School (BKK Prep),bangkok-international-preparatory-secondary-school
Bangkok,Bangkok Patana School,bangkok-patana-school
Bangkok,Basis International School Bangkok,basis-international-school
Bangkok,Beaconhouse Yamsaard International School Bangkok,beaconhouse-yamsaard-international-school
Bangkok,Berkeley International School Bangkok,berkeley-international-school
Bangkok,"Brighton College Bangkok, Krungthep Kreetha",brighton-college
Bangkok,"Brighton College Bangkok, Vibhavadi",brighton-college-bangkok-vibhavadi
Bangkok,British Columbia International School Bangkok,british-columbia-international-school
Bangkok,British Mandarin International School Bangkok,british-mandarin-international-school
Bangkok,Bromsgrove International School Thailand Bangkok,bromsgrove-international-school-thailand
Bangkok,Bsb British International Primary School Bangkok,bsb-british-international-primary-school
Bangkok,Canadian International School Of Thailand Bangkok,canadian-international-school-of-thailand
Bangkok,Centurion International School Bangkok,centurion-international-school
Bangkok,Charter International School Bangkok,charter-international-school
Bangkok,Concordian International School Bangkok,concordian-international-school
Bangkok,Crescent International School Bangkok,crescent-international-school
Bangkok,D Prep International School Bangkok,d-prep-international-school
Bangkok,Denla British School (DBS),dbs-denla-british-school
Bangkok,Dulwich College International School Bangkok,dulwich-college-international-school
Bangkok,Ekamai International School Bangkok,ekamai-international-school
Bangkok,Elc Family Of International Schools Bangkok,elc-family-of-international-schools
Bangkok,Future Steps International School Bangkok,future-steps-international-school
Bangkok,Garden International School Bangkok,garden-international-school
Bangkok,Glory Singapore International School Bangkok,glory-singapore-international-school
Bangkok,Harrow International School Bangkok,harrows-international-school
Bangkok,Heathfield International School Bangkok,heathfield-international-school
Bangkok,International Christian School Nonthaburi Bangkok,international-christian-school-nonthaburi
Bangkok,International Community School Bangkok,international-community-school
Bangkok,International Pioneers School Bangkok,international-pioneers-school
Bangkok,International School Bangkok,international-school
Bangkok,Invictus International Programme Bangkok,invictus-international-programme
Bangkok,John Wyatt Montessori Bangkok Campus,john-wyatt-montessori-bangkok-campus
Bangkok,Kevalee International School Bangkok,kevalee-international-school
Bangkok,Kids Academy International School Bangkok,kids-academy-international-school
Bangkok,Kincaid International School Of Bangkok,kincaid-international-school-of
Bangkok,Kings College International School Bangkok,king-s-college-international-school
Bangkok,KIS International School Huai Khwang,kis-international-school
Bangkok,KIS International School Reignwood Park,kis-international-school-reignwood-park
Bangkok,Knightsbridge House Nonthaburi Bangkok,knightsbridge-house-nonthaburi
Bangkok,Kpis International School Bangkok,kpis-international-school
Bangkok,Lertlah School Bangkok,lertlah-school
Bangkok,Lycee Francais International De Bangkok,lycee-francais-international-de
Bangkok,Magic Years International School Bangkok,magic-years-international-school
Bangkok,Modern International School Bangkok,modern-international-school
Bangkok,Montessori Academy Bangkok International School,montessori-academy-bangkok-international-school
Bangkok,New Day Learning Bangkok,new-day-learning
Bangkok,NIST International School Bangkok,nist-international-school
Bangkok,Niva American International School Bangkok,niva-american-international-school
Bangkok,Pan Asia International School Bangkok,pan-asia-international-school
Bangkok,Pensmith School Bangkok,pensmith-school
Bangkok,Raffles American School Bangkok,raffles-american-school
Bangkok,Ramkhamhaeng Advent International School Bangkok,ramkhamhaeng-advent-international-school
Bangkok,Rbis International School Bangkok,rbis-international-school
Bangkok,Rc International School Bangkok,rc-international-school
Bangkok,Ris Swiss Section Deutschsprachige Schule Bangkok,ris-swiss-section-deutschsprachige-schule
Bangkok,Rising Oaks International School Bangkok,rising-oaks-international-school
Bangkok,Roong Aroon International School Bangkok,roong-aroon-international-school
Bangkok,Rose Marie Academy Bangkok,rose-marie-academy
Bangkok,Royce Royal International School Bangkok,royce-royal-international-school
Bangkok,Ruamrudee International School Bangkok,ruamrudee-international-school
Bangkok,Sarasas Ektra School Bangkok,sarasas-ektra-school
Bangkok,Satit Bilingual School Of Rangsit University Bangkok,satit-bilingual-school-of-rangsit-university
Bangkok,Satit Pattana Secondary School Bangkok,satit-pattana-secondary-school
Bangkok,Sequoia Nova International Primary School Bangkok,sequoia-nova-international-primary-school
Bangkok,Shrewsbury International School Bangkok,shrewsbury-international-school
Bangkok,Siam International School Bangkok,siam-international-school
Bangkok,Siam Singapore International School Bangkok,siam-singapore-international-school
Bangkok,Singapore International School Of Bangkok,singapore-international-school-of
Bangkok,St Andrews International School Bangkok,st-andrews-international-school
Bangkok,St Andrews International School Dusit Bangkok,st-andrews-international-school-dusit
Bangkok,St Andrews International School Sathorn Bangkok,st-andrews-international-school-sathorn
Bangkok,St Andrews International School Sukhumvit 107 Bangkok,st-andrews-international-school-sukhumvit-107
Bangkok,St Andrews Samakee International School Bangkok,st-andrews-samakee-international-school
Bangkok,Thai Chinese International School Bangkok,thai-chinese-international-school
Bangkok,Thai International School Bangkok,thai-international-school
Bangkok,Thai Singapore International School Bangkok,thai-singapore-international-school
Bangkok,The American School Of Bangkok Green Valley Campus,the-american-school-of-bangkok-green-valley-campus
Bangkok,Traill International School Bangkok,traill-international-school
Bangkok,Trinity International School Bangkok,trinity-international-school
Bangkok,Tsi International School Bangkok,tsi-international-school
Bangkok,Verso International School Bangkok,verso-international-school
Bangkok,Welearn Academy Bangkok,welearn-academy
Bangkok,Wellington College International School Bangkok,wellington-college-international-school
Bangkok,Wells International School Bangkok,wells-international-school
Bangkok,Xcl American School Of Bangkok,xcl-american-school-of
